AUDIO,VIDEO
audio_only_ID_6.wav,
audio_only_ID_34.wav,
audio_only_ID_27.wav,
audio_only_ID_29.wav,
audio_only_ID_41.wav,
audio_only_ID_13.wav,
audio_only_ID_32.wav,
audio_only_ID_45.wav,
audio_only_ID_36.wav,
audio_only_ID_44.wav,
audio_only_ID_40.wav,
audio_only_ID_9.wav,
audio_only_ID_2.wav,
audio_only_ID_30.wav,
audio_only_ID_19.wav,
audio_only_ID_20.wav,
audio_only_ID_43.wav,
audio_only_ID_11.wav,
audio_only_ID_7.wav,
audio_only_ID_23.wav,
audio_only_ID_18.wav,
audio_only_ID_14.wav,
audio_only_ID_17.wav,
audio_only_ID_39.wav,
audio_only_ID_10.wav,
audio_only_ID_22.wav,
audio_only_ID_15.wav,
audio_only_ID_4.wav,
audio_only_ID_37.wav,
audio_only_ID_5.wav,
audio_only_ID_3.wav,
audio_only_ID_35.wav,
audio_only_ID_38.wav,
audio_only_ID_21.wav,
audio_only_ID_8.wav,
audio_only_ID_42.wav,
audio_only_ID_25.wav,
audio_only_ID_28.wav,
audio_only_ID_12.wav,
audio_only_ID_16.wav,
audio_only_ID_26.wav,
audio_only_ID_1.wav,
audio_only_ID_31.wav,
audio_only_ID_24.wav,
audio_only_ID_33.wav,
