category,subcategory,image_url,filename
Nature,Forests,https://cdn2.wanderlust.co.uk/media/1037/forest-web.jpg?anchor=center&mode=crop&width=1200&height=0&rnd=132605629110000000,Nature\Forests\Forests_11.jpg
Nature,Forests,http://2.bp.blogspot.com/-vlYgYLkys2k/URpGo9YnmxI/AAAAAAAAFiQ/pXMbKQq6t5I/s1600/Tropical.Rainforest.jpg,Nature\Forests\Forests_25.jpg
Nature,Forests,https://images.wisegeek.com/forest.jpg,Nature\Forests\Forests_27.jpg
Nature,Forests,"https://www.thoughtco.com/thmb/-aqdS7nawnZkV2LQSDT3lvJNiC4=/2250x1500/filters:fill(auto,1)/89609245-56a007ab5f9b58eba4ae8dd1.jpg",Nature\Forests\Forests_29.jpg
Nature,Forests,https://images6.alphacoders.com/310/310407.jpg,Nature\Forests\Forests_23.jpg
Nature,Forests,https://www.treehugger.com/thmb/2FaqmqUb5gFU0SM_Pp-H53T-42Y=/2121x0/filters:no_upscale():max_bytes(150000):strip_icc()/GettyImages-1128284442-39cf15b43b27424b9b92ac5d04aec9f5.jpg,Nature\Forests\Forests_8.jpg
Nature,Forests,https://www.thoughtco.com/thmb/ITdiE9zMGE-xCokibCqpnYq_Cqw=/1500x0/filters:no_upscale():max_bytes(150000):strip_icc()/171748805-56a0067a5f9b58eba4ae8baa.jpg,Nature\Forests\Forests_33.jpg
Nature,Forests,http://www.youramazingplaces.com/wp-content/uploads/2014/09/Ashridge-Estate-Hertfordshire-UK-1.jpg,Nature\Forests\Forests_31.jpg
Nature,Forests,https://cdn.theculturetrip.com/wp-content/uploads/2018/01/24749590798_b4faa24eeb_k-1024x576.jpg,Nature\Forests\Forests_35.jpg
Nature,Forests,https://cdn.wallpapersafari.com/70/28/8lcVMK.jpg,Nature\Forests\Forests_16.jpg
Nature,Forests,"https://static.wixstatic.com/media/73639b_345c2d42f43143a8940c357d12a36b74~mv2.jpeg/v1/fill/w_1300,h_865,al_c/73639b_345c2d42f43143a8940c357d12a36b74~mv2.jpeg",Nature\Forests\Forests_34.jpg
Nature,Forests,https://www.worldatlas.com/upload/27/a7/85/old-growth-forest-eacmich.jpg,Nature\Forests\Forests_37.jpg
Nature,Forests,https://get.wallhere.com/photo/sunlight-trees-forest-nature-road-morning-mist-wilderness-jungle-rainforest-wetland-tree-autumn-woodland-3840x2400-px-habitat-natural-environment-atmospheric-phenomenon-woody-plant-geographical-feature-ecosystem-temperate-coniferous-forest-biome-old-growth-forest-temperate-broadleaf-and-mixed-forest-deciduous-730487.jpg,Nature\Forests\Forests_0.jpg
Nature,Forests,https://wallup.net/wp-content/uploads/2019/09/330655-green-nature-trees-forests-grass-outdoors-sunlight.jpg,Nature\Forests\Forests_13.jpg
Nature,Forests,"https://www.treehugger.com/thmb/epQ_pq3Qlv36Uky8qAwsACN14mw=/2121x1413/filters:fill(auto,1)/GettyImages-984812266-2dd41b9cdf2343e88e12dd330eab6eb7.jpg",Nature\Forests\Forests_1.jpg
Nature,Forests,https://greenglobaltravel.com/wp-content/uploads/2017/06/Bialowieza-National-Park.jpg,Nature\Forests\Forests_43.jpg
Nature,Forests,https://wallup.net/wp-content/uploads/2019/05/10/613023-landscape-nature-beautiful-forest-area-wild-sky-landscapes.jpg,Nature\Forests\Forests_14.jpg
Nature,Forests,https://wallup.net/wp-content/uploads/2019/09/991398-new-zealand-forests-trail-trunk-tree-moss-grass-trees-dunedin-otago-nature.jpg,Nature\Forests\Forests_28.jpg
Nature,Forests,"https://fthmb.tqn.com/JGbqx4wjaHvNZGi6ClFZUIqmns4=/2000x1499/filters:fill(auto,1)/GettyImages-5970080731-59b7f67f03f40200100c2353.jpg",Nature\Forests\Forests_42.jpg
Nature,Forests,https://www.beautiful-views.net/views/trees-viewes-shrubs-path-different-forest.jpg,Nature\Forests\Forests_15.jpg
Nature,Forests,https://static3.bigstockphoto.com/1/7/3/large1500/371438338.jpg,Nature\Forests\Forests_10.jpg
Nature,Forests,https://i.redd.it/8j72c14i79x11.jpg,Nature\Forests\Forests_18.jpg
Nature,Forests,https://treefoundation.org/wp-content/uploads/2020/07/PIXNIO-322757-2000x1333-1.jpg,Nature\Forests\Forests_24.jpg
Nature,Forests,https://wallup.net/wp-content/uploads/2016/01/111489-nature-forest-trees-HDR-mountain.jpg,Nature\Forests\Forests_12.jpg
Nature,Forests,https://media.cntraveler.com/photos/57ec02078300776b0f420a13/master/pass/haunted-forests-black-forest-germany-GettyImages-467120271.jpg,Nature\Forests\Forests_41.jpg
Nature,Forests,https://insideclimatenews.org/wp-content/uploads/2022/11/forests-beech.jpg,Nature\Forests\Forests_38.jpg
Nature,Forests,https://blog.mystart.com/wp-content/uploads/MyForest_60f06173290292583608699b.jpeg,Nature\Forests\Forests_2.jpg
Nature,Forests,http://clv.h-cdn.co/assets/16/17/1461594282-cherokee-national-forest-credit-charles-cook.jpg,Nature\Forests\Forests_7.jpg
Nature,Forests,https://get.wallhere.com/photo/sunlight-landscape-forest-nature-grass-branch-green-jungle-rainforest-Berlin-nature-reserve-tree-leaf-vegetation-woodland-grove-ecosystem-temperate-coniferous-forest-biome-trunk-old-growth-forest-temperate-broadleaf-and-mixed-forest-deciduous-riparian-forest-grunewald-spruce-fir-forest-northern-hardwood-forest-concept-tropical-and-subtropical-coniferous-forests-valdivian-temperate-rain-forest-769606.jpg,Nature\Forests\Forests_45.jpg
Nature,Forests,https://www.treehugger.com/thmb/qreJYKRzZlP8m1YZvtOw5D2crh8=/3995x2663/filters:no_upscale():max_bytes(150000):strip_icc()/forestswithlittlefootpath-18e20b65951540dfa04927d8e4d1e926.jpg,Nature\Forests\Forests_17.jpg
Nature,Forests,https://get.wallhere.com/photo/landscape-forest-lake-nature-reflection-park-national-park-valley-wilderness-plateau-tree-autumn-mountain-season-meadow-1920x1200-px-woodland-natural-environment-mountainous-landforms-ecosystem-mountain-range-623493.jpg,Nature\Forests\Forests_51.jpg
Nature,Forests,http://3.bp.blogspot.com/_8KMrX6Wq1ko/TLG8nJ3B55I/AAAAAAAAH1s/AAXhlM-WOcs/s1600/beautiful-nature-soothing-pictures-002.JPG,Nature\Forests\Forests_32.jpg
Nature,Forests,https://get.pxhere.com/photo/tree-forest-path-plant-hiking-trail-meadow-sunlight-rustic-solitude-recreation-green-jungle-scenic-peaceful-usa-relaxing-trees-leaves-outdoors-woods-spruce-vegetation-rainforest-deciduous-ferns-grove-woodland-habitat-ecosystem-north-carolina-biome-old-growth-forest-natural-environment-geographical-feature-woody-plant-temperate-broadleaf-and-mixed-forest-temperate-coniferous-forest-riparian-forest-elk-knob-state-park-1172973.jpg,Nature\Forests\Forests_3.jpg
Nature,Forests,https://live.staticflickr.com/3706/10325152716_0496eed6c5_b.jpg,Nature\Forests\Forests_44.jpg
Nature,Forests,"https://media.cntraveler.com/photos/5eb18e42fc043ed5d9779733/16:9/w_2580,c_limit/BlackForest-Germany-GettyImages-147180370.jpg",Nature\Forests\Forests_48.jpg
Nature,Forests,https://images.theconversation.com/files/472182/original/file-20220703-22-vbkora.jpg?ixlib=rb-1.1.0&q=15&auto=format&w=600&h=400&fit=crop&dpr=3,Nature\Forests\Forests_52.jpg
Nature,Forests,https://cff2.earth.com/uploads/2023/03/21115458/Forests36-scaled.jpg,Nature\Forests\Forests_36.jpg
Nature,Forests,https://www.pixelstalk.net/wp-content/uploads/2016/10/Wallpapers-HD-Forest.jpg,Nature\Forests\Forests_50.jpg
Nature,Forests,http://news.harvard.edu/wp-content/uploads/2022/11/081022_Harvard_Forest_54.jpg,Nature\Forests\Forests_26.jpg
Nature,Forests,https://defenders.org/sites/default/files/styles/meta_image/public/2019-04/vermont_forest_don_jacobson_header.jpg?itok=qBbcvvoW,Nature\Forests\Forests_20.jpg
Nature,Forests,https://get.pxhere.com/photo/tree-nature-forest-wilderness-mountain-plant-evergreen-fir-ridge-conifer-trees-woods-spruce-vegetation-rainforest-woodland-habitat-larch-ecosystem-biome-pine-family-old-growth-forest-natural-environment-atmospheric-phenomenon-woody-plant-temperate-broadleaf-and-mixed-forest-temperate-coniferous-forest-land-plant-geological-phenomenon-1109515.jpg,Nature\Forests\Forests_47.jpg
Nature,Forests,https://images.news18.com/ibnlive/uploads/2023/03/international-day-of-forests-2023-167914152316x9.jpg,Nature\Forests\Forests_57.jpg
Nature,Forests,https://www.thecooldown.com/wp-content/uploads/2023/05/V63TE_wVGkwYXZXQ6moyNNYH9VDUm5ssyM7_DiRWb6s-1.jpeg,Nature\Forests\Forests_40.jpg
Nature,Forests,https://www.qantas.com/content/dam/travelinsider/images/experiences/nature/most-incredible-ancient-forests/Bialowieza-Forest-poland-belarus.jpg,Nature\Forests\Forests_21.jpg
Nature,Forests,https://naturenibble.com/wp-content/uploads/2021/07/3-beech-wood-tree-forest-July212021-1.jpg,Nature\Forests\Forests_59.jpg
Nature,Forests,https://i.pinimg.com/originals/a9/81/71/a98171f49d5ccca1f83af008e7a7b5c3.jpg,Nature\Forests\Forests_55.jpg
Nature,Forests,http://2.bp.blogspot.com/-ltes7mZe3nQ/Ug3Aowmnz7I/AAAAAAAABQI/bXeHP5dVJvs/s1600/Black_Forest_Germany.jpg,Nature\Forests\Forests_65.jpg
Nature,Forests,https://cdn.britannica.com/15/65515-050-1E7A990E/blanket-moss-trees-Hoh-Rain-Forest-Olympic.jpg,Nature\Forests\Forests_58.jpg
Nature,Forests,https://scx2.b-cdn.net/gfx/news/2019/1-pineforest.jpg,Nature\Forests\Forests_63.jpg
Nature,Forests,https://carolinapublicpress.org/wp-content/uploads/2022/12/oldgrowth01-scaled.jpg,Nature\Forests\Forests_39.jpg
Nature,Forests,https://a57.foxnews.com/a57.foxnews.com/static.foxnews.com/foxnews.com/content/uploads/2018/09/640/320/1862/1048/forest.jpg?ve=1&tl=1?ve=1&tl=1,Nature\Forests\Forests_68.jpg
Nature,Forests,https://wallpaperbat.com/img/588784-beautiful-forest-wallpaper.jpg,Nature\Forests\Forests_49.jpg
Nature,Forests,https://info.bml.gv.at/.imaging/mte/bcisa/bcisa-full/dam/bm-en/topics/forests/austrias-forests/Of-commercial-forests-and-virgin-forests/IMG_7404.jpg.2016-01-12-07-15-42.jpg/jcr:content/IMG_7404.jpg.jpg,Nature\Forests\Forests_60.jpg
Nature,Forests,https://get.wallhere.com/photo/sunlight-landscape-forest-mountains-lake-nature-reflection-clouds-morning-mist-national-park-valley-mountain-pass-wilderness-Alps-ridge-cloud-tree-autumn-leaf-mountain-meadow-atmospheric-phenomenon-woody-plant-mountainous-landforms-landform-geographical-feature-temperate-coniferous-forest-mountain-range-larch-26273.jpg,Nature\Forests\Forests_61.jpg
Nature,Forests,https://good-nature-blog-uploads.s3.amazonaws.com/uploads/2022/05/high-in-the-Monteverde-Clound-forest.jpg,Nature\Forests\Forests_56.jpg
Nature,Forests,https://www.nps.gov/im/ncrn/images/I-M_20061027_AutumnColors_51_lg.jpg,Nature\Forests\Forests_67.jpg
Nature,Forests,https://images.ctfassets.net/cnu0m8re1exe/5zuHAKTyEMYagYS1xBZ82u/ae8702d41fb929f66f5282cc0aece218/Untitled_design_-_2022-04-13T110111.542.png,Nature\Forests\Forests_62.jpg
Nature,Forests,https://www.matttilghman.com/wp-content/uploads/2017/06/Dense-Tropical-Rain-Forest.jpg,Nature\Forests\Forests_64.jpg
Nature,Forests,https://i.pinimg.com/originals/ac/35/bf/ac35bf07984985ebac8be6e8fa36d942.png,Nature\Forests\Forests_66.jpg
Nature,Forests,https://storage.googleapis.com/planet4-international-stateless/2019/01/b79a46a2-dsc02556.jpg,Nature\Forests\Forests_46.jpg
